{
 "home_h": 208.48,
 "closure_residual_sum_mm": 6.366462912410498e-12,
 "parts": {
  "Base": {
   "stl": "Base.stl",
   "T": [
    [
     1.0,
     0.0,
     0.0,
     0.0
    ],
    [
     0.0,
     1.0,
     0.0,
     15.0
    ],
    [
     0.0,
     0.0,
     1.0,
     -5.399998903274536
    ],
    [
     0.0,
     0.0,
     0.0,
     1.0
    ]
   ],
   "fit_residual_mm": 0.0,
   "interface": {}
  },
  "Lid": {
   "stl": "Lid.stl",
   "T": [
    [
     1.0,
     0.0,
     0.0,
     0.0
    ],
    [
     0.0,
     1.0,
     0.0,
     15.0
    ],
    [
     0.0,
     0.0,
     1.0,
     -11.049996614456177
    ],
    [
     0.0,
     0.0,
     0.0,
     1.0
    ]
   ],
   "fit_residual_mm": 0.0,
   "interface": {}
  },
  "LFrame": {
   "stl": "LFrame.stl",
   "T": [
    [
     6.123233995736766e-17,
     0.0,
     1.0,
     -59.9
    ],
    [
     0.0,
     1.0,
     0.0,
     15.0
    ],
    [
     -1.0,
     0.0,
     6.123233995736766e-17,
     -40.3
    ],
    [
     0.0,
     0.0,
     0.0,
     1.0
    ]
   ],
   "fit_residual_mm": 0.0,
   "interface": {}
  },
  "RFrame": {
   "stl": "RFrame.stl",
   "T": [
    [
     6.123233995736766e-17,
     0.0,
     -1.0,
     59.9
    ],
    [
     0.0,
     1.0,
     0.0,
     15.0
    ],
    [
     1.0,
     0.0,
     6.123233995736766e-17,
     -40.3
    ],
    [
     0.0,
     0.0,
     0.0,
     1.0
    ]
   ],
   "fit_residual_mm": 0.0,
   "interface": {}
  },
  "Receiver": {
   "stl": "Receiver.stl",
   "T": [
    [
     1.0,
     0.0,
     0.0,
     0.0
    ],
    [
     0.0,
     6.123233995736766e-17,
     1.0,
     0.0
    ],
    [
     0.0,
     -1.0,
     6.123233995736766e-17,
     208.48
    ],
    [
     0.0,
     0.0,
     0.0,
     1.0
    ]
   ],
   "fit_residual_mm": 0.014,
   "interface": {}
  },
  "Arm::main-L-lower": {
   "stl": "Arm.stl",
   "T": [
    [
     0.0,
     0.0,
     -1.0,
     -12.579999999999984
    ],
    [
     1.536190165523976e-05,
     0.9999999998820059,
     0.0,
     14.998963071638276
    ],
    [
     0.9999999998820059,
     -1.536190165523976e-05,
     0.0,
     -21.499999992035413
    ],
    [
     0.0,
     0.0,
     0.0,
     1.0
    ]
   ],
   "fit_residual_mm": 2.040878629308206e-14,
   "interface": {
    "shaft_world": [
     -59.48,
     15.0,
     46.0
    ],
    "tip_world": [
     -59.48,
     64.9999999941003,
     45.99923190491724
    ],
    "axis_sign": -1.0
   },
   "axial_shift_mm": 0.0,
   "stack_residual_depth_mm": 0.0
  },
  "Link::main-L-lower": {
   "stl": "MainLink_Alpha.stl",
   "T": [
    [
     1.0,
     0.0,
     0.0,
     -72.97999999999999
    ],
    [
     0.0,
     0.3714285713948522,
     0.928461531971885,
     64.99999999409971
    ],
    [
     0.0,
     -0.928461531971885,
     0.37142857139485236,
     45.99923190491869
    ],
    [
     0.0,
     0.0,
     0.0,
     1.0
    ]
   ],
   "fit_residual_mm": 1.567580310749881e-12,
   "interface": {
    "tip_world": [
     -59.48,
     64.9999999941003,
     45.99923190491724
    ],
    "pivot_world": [
     -59.48,
     0.0,
     208.48
    ],
    "axis_sign": 1.0
   },
   "axial_shift_mm": -10.25,
   "stack_residual_depth_mm": 0.0
  },
  "Arm::main-L-upper": {
   "stl": "Arm.stl",
   "T": [
    [
     0.0,
     0.0,
     -1.0,
     -12.579999999999984
    ],
    [
     1.536190158788031e-05,
     -0.9999999998820059,
     0.0,
     -15.001036928357184
    ],
    [
     -0.9999999998820059,
     -1.536190158788031e-05,
     0.0,
     113.4999999920354
    ],
    [
     0.0,
     0.0,
     0.0,
     1.0
    ]
   ],
   "fit_residual_mm": 1.432144669219779e-14,
   "interface": {
    "shaft_world": [
     -59.48,
     -15.0,
     46.0
    ],
    "tip_world": [
     -59.48,
     -64.9999999941003,
     45.999231904920606
    ],
    "axis_sign": -1.0
   },
   "axial_shift_mm": 0.0,
   "stack_residual_depth_mm": 0.0
  },
  "Link::main-L-upper": {
   "stl": "MainLink_Alpha.stl",
   "T": [
    [
     -1.0,
     0.0,
     0.0,
     -73.22999999999999
    ],
    [
     0.0,
     -0.37142857139485874,
     -0.9284615319718819,
     -64.99999999410029
    ],
    [
     0.0,
     -0.9284615319718819,
     0.37142857139485874,
     45.999231904920634
    ],
    [
     0.0,
     0.0,
     0.0,
     1.0
    ]
   ],
   "fit_residual_mm": 3.256115871121665e-14,
   "interface": {
    "tip_world": [
     -59.48,
     -64.9999999941003,
     45.999231904920606
    ],
    "pivot_world": [
     -59.48,
     0.0,
     208.48
    ],
    "axis_sign": -1.0
   },
   "axial_shift_mm": -17.0,
   "stack_residual_depth_mm": 0.0
  },
  "Arm::main-R-lower": {
   "stl": "Arm.stl",
   "T": [
    [
     0.0,
     0.0,
     1.0,
     12.579999999999984
    ],
    [
     -1.536190165523976e-05,
     0.9999999998820059,
     0.0,
     15.001036928361732
    ],
    [
     -0.9999999998820059,
     -1.536190165523976e-05,
     0.0,
     113.4999999920354
    ],
    [
     0.0,
     0.0,
     0.0,
     1.0
    ]
   ],
   "fit_residual_mm": 1.464821375527116e-14,
   "interface": {
    "shaft_world": [
     59.48,
     15.0,
     46.0
    ],
    "tip_world": [
     59.48,
     64.9999999941003,
     45.99923190491724
    ],
    "axis_sign": 1.0
   },
   "axial_shift_mm": 0.0,
   "stack_residual_depth_mm": 0.0
  },
  "Link::main-R-lower": {
   "stl": "MainLink_Alpha.stl",
   "T": [
    [
     1.0,
     0.0,
     0.0,
     69.72999999999999
    ],
    [
     0.0,
     0.3714285713948522,
     0.928461531971885,
     64.99999999409971
    ],
    [
     0.0,
     -0.928461531971885,
     0.37142857139485236,
     45.99923190491869
    ],
    [
     0.0,
     0.0,
     0.0,
     1.0
    ]
   ],
   "fit_residual_mm": 1.5675964141795642e-12,
   "interface": {
    "tip_world": [
     59.48,
     64.9999999941003,
     45.99923190491724
    ],
    "pivot_world": [
     59.48,
     0.0,
     208.48
    ],
    "axis_sign": 1.0
   },
   "axial_shift_mm": 13.5,
   "stack_residual_depth_mm": 0.27000000000001023
  },
  "Arm::main-R-upper": {
   "stl": "Arm.stl",
   "T": [
    [
     0.0,
     0.0,
     1.0,
     12.579999999999984
    ],
    [
     -1.536190158788031e-05,
     -0.9999999998820059,
     0.0,
     -14.998963071642823
    ],
    [
     0.9999999998820059,
     -1.536190158788031e-05,
     0.0,
     -21.4999999920354
    ],
    [
     0.0,
     0.0,
     0.0,
     1.0
    ]
   ],
   "fit_residual_mm": 1.517719948885615e-14,
   "interface": {
    "shaft_world": [
     59.48,
     -15.0,
     46.0
    ],
    "tip_world": [
     59.48,
     -64.9999999941003,
     45.999231904920606
    ],
    "axis_sign": 1.0
   },
   "axial_shift_mm": 0.0,
   "stack_residual_depth_mm": 0.0
  },
  "Link::main-R-upper": {
   "stl": "MainLink_Alpha.stl",
   "T": [
    [
     -1.0,
     0.0,
     0.0,
     77.97999999999999
    ],
    [
     0.0,
     -0.37142857139485874,
     -0.9284615319718819,
     -64.99999999410029
    ],
    [
     0.0,
     -0.9284615319718819,
     0.37142857139485874,
     45.999231904920634
    ],
    [
     0.0,
     0.0,
     0.0,
     1.0
    ]
   ],
   "fit_residual_mm": 3.1776437161565096e-14,
   "interface": {
    "tip_world": [
     59.48,
     -64.9999999941003,
     45.999231904920606
    ],
    "pivot_world": [
     59.48,
     0.0,
     208.48
    ],
    "axis_sign": -1.0
   },
   "axial_shift_mm": 15.25,
   "stack_residual_depth_mm": 0.0
  },
  "Pitcher::pitch-L": {
   "stl": "LPitcher.stl",
   "T": [
    [
     0.0,
     -3.5527136788005004e-17,
     1.0,
     -59.150000000000006
    ],
    [
     -0.30494276373621654,
     0.9523706793286524,
     5.5009830940054916e-17,
     14.141798255719522
    ],
    [
     -0.9523706793286525,
     -0.30494276373621654,
     7.44354827794885e-18,
     48.00550137787792
    ],
    [
     0.0,
     0.0,
     0.0,
     1.0
    ]
   ],
   "fit_residual_mm": 1.0733331824254087e-05,
   "interface": {
    "shaft_world": [
     -15.5,
     45.0,
     46.0
    ],
    "tip_world": [
     -15.5,
     119.32267623700358,
     56.05682837526542
    ],