{
  "servo": {
    "R_up": [
      83.2,
      30.0,
      24.0
    ],
    "R_lo": [
      87.2,
      -31.5,
      21.0
    ],
    "L_up": [
      -83.2,
      30.0,
      24.0
    ],
    "L_lo": [
      -87.3,
      -31.5,
      21.4
    ],
    "R_p": [
      84.4,
      0.1,
      20.6
    ],
    "L_p": [
      -84.4,
      0.1,
      20.6
    ]
  },
  "arm_xforms": {
    "R_up": [
      [
        1.0,
        0.0,
        0.0,
        0.0
      ],
      [
        0.0,
        1.0,
        0.0,
        0.0
      ],
      [
        0.0,
        0.0,
        1.0,
        0.0
      ],
      [
        0.0,
        0.0,
        0.0,
        1.0
      ]
    ],
    "R_lo": [
      [
        1.0,
        0.0,
        0.0,
        4.0
      ],
      [
        0.0,
        1.0,
        0.0,
        -61.5
      ],
      [
        0.0,
        0.0,
        1.0,
        -3.0
      ],
      [
        0.0,
        0.0,
        0.0,
        1.0
      ]
    ],
    "L_up": [
      [
        -1.0,
        0.0,
        0.0,
        0.0
      ],
      [
        0.0,
        1.0,
        0.0,
        0.0
      ],
      [
        0.0,
        0.0,
        1.0,
        0.0
      ],
      [
        0.0,
        0.0,
        0.0,
        1.0
      ]
    ],
    "L_lo": [
      [
        -1.0,
        0.0,
        0.0,
        -4.0
      ],
      [
        0.0,
        1.0,
        0.0,
        -61.5
      ],
      [
        0.0,
        0.0,
        1.0,
        -3.0
      ],
      [
        0.0,
        0.0,
        0.0,
        1.0
      ]
    ]
  },
  "receiver_M": [
    [
      1.0,
      -3.812226697548071e-13,
      7.313034789204835e-13,
      -6.868846449466894e-11
    ],
    [
      -7.78370138567589e-13,
      -0.14324558803184048,
      0.9896871735601166,
      -22.583675627186885
    ],
    [
      -2.725351896589814e-13,
      -0.9896871735601166,
      -0.14324558803184048,
      215.4707099117673
    ],
    [
      0.0,
      0.0,
      0.0,
      1.0
    ]
  ],
  "legs": {
    "R_up": {
      "ball": [
        67.50000030517577,
        54.78761596679688,
        51.0
      ],
      "pivot": [
        59.99999999995295,
        4.206905042498789,
        218.3629041269727
      ],
      "length": 175.0,
      "target": 175.0
    },
    "R_lo": {
      "ball": [
        71.50000030517577,
        -6.712384033203125,
        48.0
      ],
      "pivot": [
        32.99999999995295,
        4.206905042519804,
        218.36290412698006
      ],
      "length": 174.9999999999999,
      "target": 175.0
    },
    "L_up": {
      "ball": [
        -67.50000030517577,
        54.78761596679688,
        51.0
      ],
      "pivot": [
        -60.00000000004705,
        4.206905042592194,
        218.3629041270054
      ],
      "length": 175.00000000000028,
      "target": 175.0
    },
    "L_lo": {
      "ball": [
        -71.50000030517577,
        -6.712384033203125,
        48.0
      ],
      "pivot": [
        -33.00000000004705,
        4.206905042571176,
        218.36290412699805
      ],
      "length": 174.9999999999999,
      "target": 175.0
    },
    "R_p": {
      "ball": [
        40.58420319990678,
        101.69242997602983,
        50.25
      ],
      "pivot": [
        56.99999999997556,
        32.00280063886308,
        221.9179270518147
      ],
      "length": 186.00000000000003,
      "target": 186.0
    },
    "L_p": {
      "ball": [
        -40.58420319990678,
        101.69242997602983,
        50.25
      ],
      "pivot": [
        -57.00000000002444,
        32.00280063895181,
        221.91792705184577
      ],
      "length": 185.99999999999977,
      "target": 186.0
    }
  }
}