{
  "C_mm": 600.0,
  "psi_deg": 1.9102131717099304,
  "wrap1_deg": 176.17957365658015,
  "wrap2_deg": 183.82042634341985,
  "ang_up_deg": 181.91021317170993,
  "ang_dn_deg": -1.9102131717099398,
  "T1_up": [
    -134.9499861033897,
    0.0,
    -603.0
  ],
  "T2_up": [
    -154.93887190414296,
    0.0,
    -3.6666666666666705
  ],
  "T1_dn": [
    44.949986103389705,
    0.0,
    -603.0
  ],
  "T2_dn": [
    64.93887190414297,
    0.0,
    -3.6666666666666843
  ],
  "Y_OFFSETS": [
    -28.5,
    -9.5,
    9.5,
    28.5
  ],
  "bbox_mm": [
    74.0,
    220.0,
    800.0
  ],
  "faces": 5120,
  "watertight": true,
  "status": "OK_SOLID_STEP"
}