{
  "P1": [
    -45.0,
    -600
  ],
  "P2": [
    45.0,
    0
  ],
  "C_mm": 606.7124524847005,
  "psi_deg": 1.8890715430790272,
  "wrap1_deg": 176.22185691384195,
  "wrap2_deg": 183.77814308615805,
  "belt_len_mm": 1842.4027863108995,
  "T1_up": [
    -134.39599766725985,
    -589.590600349911
  ],
  "T2_up": [
    -64.26177492665092,
    12.722599572330976
  ],
  "T1_dn": [
    43.515802068237846,
    -616.2773703102357
  ],
  "T2_dn": [
    153.185980305624,
    -19.894563712510255
  ],
  "n_belts": 4,
  "y_offsets": [
    -28.5,
    -9.5,
    9.5,
    28.5
  ],
  "path_points": 310,
  "triangles_total": 9920,
  "status": "OK_DUAL_PULLEY_TRANSMISSION"
}