{
  "tripo": {
    "iou": 0.692450659350385,
    "az": 170,
    "el": 54,
    "mir": 0,
    "roll": 30
  },
  "selfbuilt": {
    "iou": 0.6881225136840846,
    "az": 325,
    "el": 52,
    "mir": 1,
    "roll": 255
  },
  "overlay_iou": {
    "tripo": 0.6540551777388413,
    "selfbuilt": 0.6857625038355324
  }
}