{
 "rod": 175.0,
 "servos": {
  "LL": [
   -47.4,
   40.7,
   15.5
  ],
  "UL": [
   -47.4,
   -40.7,
   15.5
  ],
  "LR": [
   47.4,
   40.7,
   15.5
  ],
  "UR": [
   47.4,
   -40.7,
   15.5
  ],
  "PL": [
   -47.4,
   0.0,
   37.4
  ],
  "PR": [
   47.4,
   0.0,
   37.4
  ]
 },
 "axis": {
  "LL": [
   0.9970054196838612,
   -0.012870071386549784,
   0.07625322539744009
  ],
  "UL": [
   -0.9970054199486712,
   -0.012870089869960664,
   -0.07625321881542571
  ],
  "LR": [
   0.9970053094349797,
   0.012870303889440922,
   -0.07625462763828866
  ],
  "UR": [
   -0.9970053096454895,
   0.0128703185825093,
   0.07625462240603076
  ],
  "PL": [
   0.9969751057852114,
   -0.031624614009146984,
   0.07099663536632393
  ],
  "PR": [
   0.9969749931149919,
   0.03162520061256774,
   -0.07099795623520755
  ]
 },
 "arm_home": {
  "LL": [
   0.0,
   49.30269031591497,
   8.321341695483014
  ],
  "UL": [
   0.0,
   -49.30268823685472,
   8.321354013590962
  ],
  "LR": [
   0.0,
   49.30269075818218,
   8.321339075116303
  ],
  "UR": [
   0.0,
   -49.302689105500335,
   8.321348867003447
  ],
  "PL": [
   0.0,
   68.69326940575887,
   30.598606804033288
  ],
  "PR": [
   0.0,
   68.69327003943314,
   30.598605381447022
  ]
 },
 "arm_len": {
  "LL": 50.0,
  "UL": 49.99999999999999,
  "LR": 50.0,
  "UR": 50.00000000000001,
  "PL": 75.2,
  "PR": 75.20000000000002
 },
 "recv_local": {
  "LL": [
   -60.000000000000014,
   -1.2528178544085966e-16,
   4.676006747918612e-16
  ],
  "UL": [
   -60.000000000000014,
   -1.2528178544085966e-16,
   4.676006747918612e-16
  ],
  "LR": [
   60.000000000000014,
   1.2528178544085966e-16,
   -4.676006747918612e-16
  ],
  "UR": [
   60.000000000000014,
   1.2528178544085966e-16,
   -4.676006747918612e-16
  ],
  "PL": [
   -61.00000000000001,
   -14.235000000000001,
   53.13000000000001
  ],
  "PR": [
   61.000000000000014,
   -14.235000000000005,
   53.13000000000002
  ]
 },
 "home_R": [
  [
   0.9999999999999803,
   -3.261402313876776e-08,
   1.9617461501176217e-07
  ],
  [
   -1.9266851548752424e-08,
   0.9659312497337583,
   0.2587988036830538
  ],
  [
   -1.9793166121595482e-07,
   -0.25879880368305247,
   0.9659312497337386
  ]
 ],
 "home_t": [
  0.00011556950540975928,
  1.0117635203192427e-05,
  173.37319599835283
 ],
 "sign": {
  "LL": 1,
  "UL": -1,
  "LR": -1,
  "UR": 1,
  "PL": -1,
  "PR": 1
 }
}